cluster,total samples,total hyades,hyades density,silh. mean,silh. max,silh. min, silh. median
0,18,0,0.00,0.21205,0.46422,-0.05215,0.22298
1,340,77,0.23,0.35379,0.54267,-0.13104,0.43011
2,2,0,0.00,-0.03827,0.30545,-0.38200,-0.03827
3,2210,17,0.01,0.70611,0.80768,0.07291,0.76449
4,70,3,0.04,0.23919,0.51212,-0.17566,0.26861
