cluster,total samples,total hyades,hyades density,silh. mean,silh. max,silh. min, silh. median
0,563,4,0.01,0.09543,0.37681,-0.30141,0.12381
1,94,3,0.03,-0.02995,0.31340,-0.49297,-0.02653
2,310,77,0.25,0.30437,0.50834,-0.25229,0.38734
3,1673,13,0.01,0.53371,0.66864,-0.00890,0.58033
