cluster,total samples,total hyades,hyades density,silh. mean,silh. max,silh. min, silh. median
0,537,6,0.01,0.29157,0.57020,-0.04084,0.31014
1,503,58,0.12,0.31768,0.57677,0.01477,0.33860
2,315,22,0.07,0.24448,0.50997,-0.05135,0.23832
3,500,3,0.01,0.28892,0.55332,-0.03121,0.29817
4,306,2,0.01,0.24143,0.51865,-0.06858,0.24448
5,479,6,0.01,0.35228,0.59827,0.01221,0.37838
