cluster,total samples,total hyades,hyades density,silh. mean,silh. max,silh. min, silh. median
0,179,2,0.01,0.02445,0.35610,-0.41844,0.04522
1,80,2,0.03,-0.03445,0.30376,-0.43432,-0.03257
2,1443,12,0.01,0.42461,0.58434,-0.00259,0.46508
3,313,77,0.25,0.22301,0.45670,-0.39712,0.31297
4,625,4,0.01,0.23759,0.46854,-0.12980,0.26675
