cluster,total samples,total hyades,hyades density,silh. mean,silh. max,silh. min, silh. median
0,83,3,0.04,0.15020,0.43273,-0.24470,0.17544
1,318,77,0.24,0.34274,0.52212,-0.10939,0.40181
2,3,0,0.00,0.01437,0.33951,-0.35675,0.06035
3,2236,17,0.01,0.71529,0.81444,0.08593,0.77394
