cluster,total samples,total hyades,hyades density,silh. mean,silh. max,silh. min, silh. median
0,454,1,0.00,0.22239,0.45469,-0.15133,0.26746
1,295,77,0.26,0.23194,0.45924,-0.43084,0.30125
2,319,4,0.01,0.02203,0.37522,-0.35086,0.00139
3,521,2,0.00,0.06206,0.34347,-0.24023,0.08144
4,966,10,0.01,0.37205,0.54505,0.00562,0.39507
5,85,3,0.04,-0.04539,0.28552,-0.46072,-0.06183
