cluster,total samples,total hyades,hyades density,silh. mean,silh. max,silh. min, silh. median
0,1236,75,0.06,0.03084,0.36986,-0.42898,0.05383
1,2123,2,0.00,0.00084,0.34749,-0.46739,0.02269
2,5062,5,0.00,0.37688,0.54554,0.00564,0.39926
3,2608,1,0.00,0.11282,0.40182,-0.33257,0.13930
4,5047,7,0.00,0.13961,0.36431,-0.19217,0.15462
