cluster,total samples,total hyades,hyades density,silh. mean,silh. max,silh. min, silh. median
0,395,2,0.01,0.20930,0.49238,-0.16440,0.22646
1,1799,2,0.00,0.15425,0.43414,-0.15574,0.15804
2,353,72,0.20,0.29101,0.57587,-0.13813,0.30560
3,394,0,0.00,0.18389,0.47727,-0.19488,0.19315
4,2389,3,0.00,0.22983,0.50137,-0.12473,0.23948
5,10753,11,0.00,0.44897,0.62531,-0.15041,0.48232
