cluster,total samples,total hyades,hyades density,silh. mean,silh. max,silh. min, silh. median
0,359,72,0.20,0.18273,0.49302,-0.27398,0.20246
1,971,3,0.00,0.18205,0.47410,-0.29418,0.22500
2,4209,4,0.00,0.39824,0.57948,-0.01444,0.42003
3,2246,2,0.00,0.21269,0.48709,-0.22910,0.25030
4,1817,1,0.00,0.08221,0.43166,-0.36315,0.09460
5,483,0,0.00,0.06666,0.43008,-0.41247,0.10767
6,1815,3,0.00,0.05302,0.38739,-0.32948,0.04747
7,4176,5,0.00,0.21049,0.43126,-0.16342,0.23821
