cluster,total samples,total hyades,hyades density,silh. mean,silh. max,silh. min, silh. median
0,1301,3,0.00,0.05605,0.40494,-0.35710,0.08221
1,769,73,0.09,0.07748,0.42018,-0.42619,0.09244
2,2628,1,0.00,0.13689,0.41993,-0.32980,0.16617
3,2512,2,0.00,0.03769,0.34451,-0.37032,0.04708
4,4465,4,0.00,0.41834,0.58765,-0.00958,0.44054
5,4401,7,0.00,0.15417,0.38361,-0.22447,0.17809
