cluster,total samples,total hyades,hyades density,silh. mean,silh. max,silh. min, silh. median
0,2584,46,0.02,0.27401,0.53240,-0.08493,0.29692
1,4158,8,0.00,0.36416,0.60800,-0.00782,0.39209
2,2151,8,0.00,0.27639,0.54168,-0.07899,0.29735
3,4017,19,0.00,0.38744,0.61068,-0.08102,0.42670
4,2934,9,0.00,0.22020,0.52683,-0.12598,0.22610
