cluster,total samples,total hyades,hyades density,silh. mean,silh. max,silh. min, silh. median
0,3085,4,0.00,0.18877,0.44196,-0.16089,0.20667
1,687,1,0.00,0.14987,0.43854,-0.22347,0.17613
2,540,72,0.13,0.18043,0.45272,-0.23206,0.21119
3,11771,13,0.00,0.45972,0.61335,-0.16746,0.50118
