cluster,total samples,total hyades,hyades density,silh. mean,silh. max,silh. min, silh. median
0,5894,7,0.00,0.14601,0.35658,-0.10328,0.15457
1,6595,5,0.00,0.27918,0.45475,-0.01734,0.29290
2,1796,4,0.00,0.02281,0.37064,-0.45067,0.06675
3,1791,74,0.04,0.05701,0.40748,-0.42535,0.08798
